{"cameraMode":{"drawMode":0,"name":"Shaded","section":"Shading Mode"},"sceneLighting":true,"audioPlay":false,"sceneViewState":{"showFog":true,"showMaterialUpdate":false,"showSkybox":true,"showFlares":true,"showImageEffects":true,"showParticleSystems":true},"in2DMode":false,"pivot":{"x":-7.034940719604492,"y":4.14776086807251,"z":-8.764076232910157},"rotation":{"x":0.07215721160173416,"y":-0.8085307478904724,"z":0.10143984854221344,"w":0.575135350227356},"size":16.484512329101564,"orthographic":false}