{"cameraMode":{"drawMode":0,"name":"Shaded","section":"Shading Mode"},"sceneLighting":false,"audioPlay":false,"sceneViewState":{"showFog":true,"showMaterialUpdate":false,"showSkybox":false,"showFlares":true,"showImageEffects":true,"showParticleSystems":true},"in2DMode":false,"pivot":{"x":414.52252197265627,"y":408.1499938964844,"z":0.0},"rotation":{"x":0.057237520813941959,"y":0.032940059900283816,"z":-0.0018895735265687109,"w":0.9978165030479431},"size":367.5820007324219,"orthographic":false}