{"cameraMode":{"drawMode":0,"name":"Shaded","section":"Shading Mode"},"sceneLighting":false,"audioPlay":false,"sceneViewState":{"showFog":true,"showMaterialUpdate":false,"showSkybox":false,"showFlares":true,"showImageEffects":true,"showParticleSystems":true},"in2DMode":false,"pivot":{"x":0.0,"y":0.8949709534645081,"z":0.11967609822750092},"rotation":{"x":-0.16845467686653138,"y":-0.17114660143852235,"z":0.029712704941630365,"w":-0.9702849388122559},"size":3.821920871734619,"orthographic":false}