{"cameraMode":{"drawMode":0,"name":"Shaded","section":"Shading Mode"},"sceneLighting":false,"audioPlay":false,"sceneViewState":{"showFog":true,"showMaterialUpdate":false,"showSkybox":false,"showFlares":true,"showImageEffects":true,"showParticleSystems":true},"in2DMode":false,"pivot":{"x":-14.663813591003418,"y":-8.14722728729248,"z":4.154306411743164},"rotation":{"x":-0.4209032356739044,"y":-0.09118368476629257,"z":0.04257223755121231,"w":-0.901506781578064},"size":0.5174908638000488,"orthographic":false}