{"cameraMode":{"drawMode":0,"name":"Shaded","section":"Shading Mode"},"sceneLighting":false,"audioPlay":false,"sceneViewState":{"showFog":true,"showMaterialUpdate":false,"showSkybox":false,"showFlares":true,"showImageEffects":true,"showParticleSystems":true},"in2DMode":false,"pivot":{"x":2.940347671508789,"y":-0.009160995483398438,"z":0.2707939147949219},"rotation":{"x":0.23705147206783296,"y":0.4137210547924042,"z":-0.11249885708093643,"w":0.871770977973938},"size":18.646560668945314,"orthographic":false}