{"cameraMode":{"drawMode":0,"name":"Shaded","section":"Shading Mode"},"sceneLighting":false,"audioPlay":false,"sceneViewState":{"showFog":true,"showMaterialUpdate":true,"showSkybox":false,"showFlares":true,"showImageEffects":true,"showParticleSystems":true},"in2DMode":false,"pivot":{"x":-0.009745955467224121,"y":0.006980687379837036,"z":-0.004263520240783691},"rotation":{"x":0.06780513375997544,"y":-0.6386353969573975,"z":0.0566963329911232,"w":0.7644466757774353},"size":5.673702239990234,"orthographic":false}