{"cameraMode":{"drawMode":0,"name":"Shaded","section":"Shading Mode"},"sceneLighting":true,"audioPlay":false,"sceneViewState":{"showFog":true,"showMaterialUpdate":true,"showSkybox":true,"showFlares":true,"showImageEffects":true,"showParticleSystems":true},"in2DMode":false,"pivot":{"x":-7.619410514831543,"y":10.69607162475586,"z":7.352956771850586},"rotation":{"x":0.45097437500953677,"y":-0.201585054397583,"z":0.10539348423480988,"w":0.8631086945533752},"size":29.1213321685791,"orthographic":false}