{"cameraMode":{"drawMode":0,"name":"Shaded","section":"Shading Mode"},"sceneLighting":false,"audioPlay":false,"sceneViewState":{"showFog":true,"showMaterialUpdate":true,"showSkybox":false,"showFlares":true,"showImageEffects":true,"showParticleSystems":true},"in2DMode":false,"pivot":{"x":212.93650817871095,"y":33.318058013916019,"z":-95.3399429321289},"rotation":{"x":0.149930939078331,"y":0.5965186357498169,"z":-0.11468495428562164,"w":0.7801204323768616},"size":503.65533447265627,"orthographic":false}