{"cameraMode":{"drawMode":0,"name":"Shaded","section":"Shading Mode"},"sceneLighting":true,"audioPlay":false,"sceneViewState":{"showFog":true,"showMaterialUpdate":true,"showSkybox":true,"showFlares":true,"showImageEffects":true,"showParticleSystems":true},"in2DMode":false,"pivot":{"x":-7.82105827331543,"y":1.3901352882385255,"z":-17.084884643554689},"rotation":{"x":-0.09236948937177658,"y":0.9074115753173828,"z":-0.3002035319805145,"w":-0.27920493483543398},"size":2127.088134765625,"orthographic":false}