{"cameraMode":{"drawMode":0,"name":"Shaded","section":"Shading Mode"},"sceneLighting":false,"audioPlay":false,"sceneViewState":{"showFog":true,"showMaterialUpdate":true,"showSkybox":false,"showFlares":true,"showImageEffects":true,"showParticleSystems":true},"in2DMode":false,"pivot":{"x":-0.06385484337806702,"y":2.5209999084472658,"z":-2.1932132244110109},"rotation":{"x":0.08630456030368805,"y":-0.9003130197525024,"z":0.20890888571739198,"w":0.37200260162353518},"size":0.880245566368103,"orthographic":false}