{"cameraMode":{"drawMode":0,"name":"Shaded","section":"Shading Mode"},"sceneLighting":false,"audioPlay":false,"sceneViewState":{"showFog":true,"showMaterialUpdate":true,"showSkybox":false,"showFlares":true,"showImageEffects":true,"showParticleSystems":true},"in2DMode":false,"pivot":{"x":-0.9800680875778198,"y":1.09647536277771,"z":0.555443286895752},"rotation":{"x":-0.2457088679075241,"y":-0.43419963121414187,"z":0.12438657879829407,"w":-0.8577092289924622},"size":2.131295680999756,"orthographic":false}